<?xml version="1.0" encoding="UTF-8"?>
<!DOCTYPE mapper PUBLIC "-//mybatis.org//DTD Mapper 3.0//EN" "http://mybatis.org/dtd/mybatis-3-mapper.dtd">
<!--SQL语句-->
<mapper namespace="com.example.health.mapper.BodyMapper">

    <resultMap id="BaseResultMap" type="com.example.health.entity.Body">

        <result column="fileNo" jdbcType="INTEGER" property="fileNo"/>
        <result column="humaName" jdbcType="VARCHAR" property="humaName"/>
        <result column="assessTime" jdbcType="VARCHAR" property="assessTime"/>
        <result column="gentleTemper" jdbcType="VARCHAR" property="gentleTemper"/>
        <result column="deficiencyMass" jdbcType="VARCHAR" property="deficiencyMass"/>
        <result column="yangQuality" jdbcType="VARCHAR" property="yangQuality"/>
        <result column="yinQuality" jdbcType="VARCHAR" property="yinQuality"/>
        <result column="phlWetMass" jdbcType="VARCHAR" property="phlWetMass"/>
        <result column="hotHumidMass" jdbcType="VARCHAR" property="hotHumidMass"/>
        <result column="bloodQuality" jdbcType="VARCHAR" property="bloodQuality"/>
        <result column="qiDepressionMass" jdbcType="VARCHAR" property="qiDepressionMass"/>
        <result column="greatMass" jdbcType="VARCHAR" property="greatMass"/>

    </resultMap>
    <!--    增加体质测评信息-->
    <insert id="save" parameterType="com.example.health.entity.Body">
        insert into body
        <trim prefix="(" suffix=")" suffixOverrides=",">
            <if test="fileNo != null">fileNo,</if>
            <if test="humaName != null">humaName,</if>
            <if test="assessTime != null">assessTime,</if>
            <if test="gentleTemper != null">gentleTemper,</if>
            <if test="deficiencyMass != null">deficiencyMass,</if>
            <if test="yangQuality != null">yangQuality,</if>
            <if test="yinQuality != null">yinQuality,</if>
            <if test="phlWetMass != null">phlWetMass,</if>
            <if test="hotHumidMass != null">hotHumidMass,</if>
            <if test="bloodQuality != null">bloodQuality,</if>
            <if test="qiDepressionMass != null">qiDepressionMass,</if>
            <if test="greatMass != null">greatMass,</if>
        </trim>
        <trim prefix="values(" suffix=")" suffixOverrides=",">
            <if test="fileNo != null">#{fileNo,jdbcType=INTEGER},</if>
            <if test="humaName != null">#{humaName,jdbcType=VARCHAR},</if>
            <if test="assessTime != null">#{assessTime,jdbcType=VARCHAR},</if>
            <if test="gentleTemper != null">#{gentleTemper,jdbcType=VARCHAR},</if>
            <if test="deficiencyMass != null">#{deficiencyMass,jdbcType=VARCHAR},</if>
            <if test="yangQuality != null">#{yangQuality,jdbcType=VARCHAR},</if>
            <if test="yinQuality != null">#{yinQuality,jdbcType=VARCHAR},</if>
            <if test="phlWetMass != null">#{phlWetMass,jdbcType=VARCHAR},</if>
            <if test="hotHumidMass != null">#{hotHumidMass,jdbcType=VARCHAR},</if>
            <if test="bloodQuality != null">#{bloodQuality,jdbcType=VARCHAR},</if>
            <if test="qiDepressionMass != null">#{qiDepressionMass,jdbcType=VARCHAR},</if>
            <if test="greatMass != null">#{greatMass,jdbcType=VARCHAR},</if>
        </trim>
    </insert>
    <!--   根据fileNo 修改体质测评信息-->
    <update id="update" parameterType="com.example.health.entity.Body">
        update body
        <set>
            <if test="humaName != null">humaName=#{humaName,jdbcType=VARCHAR},</if>
            <if test="assessTime != null">assessTime=#{assessTime,jdbcType=VARCHAR},</if>
            <if test="gentleTemper != null">gentleTemper=#{gentleTemper,jdbcType=VARCHAR},</if>
            <if test="deficiencyMass != null">deficiencyMass=#{deficiencyMass,jdbcType=VARCHAR},</if>
            <if test="yangQuality != null">yangQuality=#{yangQuality,jdbcType=VARCHAR},</if>
            <if test="yinQuality != null">yinQuality=#{yinQuality,jdbcType=VARCHAR},</if>
            <if test="phlWetMass != null">phlWetMass=#{phlWetMass,jdbcType=VARCHAR},</if>
            <if test="hotHumidMass != null">hotHumidMass=#{hotHumidMass,jdbcType=VARCHAR},</if>
            <if test="bloodQuality != null">bloodQuality=#{bloodQuality,jdbcType=VARCHAR},</if>
            <if test="qiDepressionMass != null">qiDepressionMass=#{qiDepressionMass,jdbcType=VARCHAR},</if>
            <if test="greatMass != null">greatMass=#{greatMass,jdbcType=VARCHAR},</if>
        </set>
        where fileNo=#{fileNo,jdbcType=INTEGER}
    </update>
    <!--  根据fileNo 删除体质测评信息-->
    <delete id="delete" parameterType="com.example.health.entity.Body">
        delete from body where fileNo = #{fileNo,jdbcType=INTEGER}
    </delete>
    <!--    查询所有信息-->
    <select id="selectAll" parameterType="com.example.health.entity.Body" resultType="com.example.health.entity.Body">
        select * from body
    </select>
    <!--    根据fileNo查询单条数据-->
    <select id="getBodyInfo" parameterType="com.example.health.entity.Body" resultType="com.example.health.entity.Body">
        select * from body where fileNo = #{fileNo,jdbcType=INTEGER};
    </select>
</mapper>