<?xml version="1.0" encoding="UTF-8"?>
<!DOCTYPE mapper PUBLIC "-//mybatis.org//DTD Mapper 3.0//EN" "http://mybatis.org/dtd/mybatis-3-mapper.dtd">

<mapper namespace="com.example.health.mapper.CheckGroupMapper">
    <resultMap id="baseResultMap" type="com.example.health.entity.CheckGroup">
        <id column="id" property="id"/>
        <result column="name" property="name"/>
        <result column="code" property="code"/>
        <result column="helpCode" property="helpCode"/>
        <result column="sex" property="sex"/>
        <result column="remark" property="remark"/>
        <result column="attention" property="attention"/>
    </resultMap>

<!--   将gourp_id和setmael_id绑定 -->
    <insert id="insertToSetmeal" parameterType="Map">
        insert into t_setmeal_checkgroup(setmeal_id,checkgroup_id) values (#{setmeal_id},#{checkgroup_id})
    </insert>

<!--   将gourp_id和setmael_id解除绑定 -->
    <delete id="deleteToSetmeal">
        delete from  t_setmeal_checkgroup where setmeal_id = #{setmeal_id} and checkgroup_id = #{checkgroup_id}
    </delete>
<!--    寻找id对应的group-->
    <select id="setmealToGroup" parameterType="INTEGER" resultType="com.example.health.entity.CheckGroup">
        select t_checkgroup.id as id,name,code,helpCode,sex,remark,attention
            from t_setmeal_checkgroup,t_checkgroup
                where  t_setmeal_checkgroup.setmeal_id = #{setmeal_id}
                    and t_setmeal_checkgroup.checkgroup_id =  t_checkgroup.id;
    </select>


    <insert id="add" parameterType="com.example.health.entity.CheckGroup">


        insert into t_checkgroup
        <trim prefix="(" suffix=")">
            <if test="id != null">
                id
            </if>
            <if test="code != null">
                ,code
            </if>
            <if test="name != null">
                ,name
            </if>
            <if test="sex != null">
                ,sex
            </if>
            <if test="age != null">
                ,age
            </if>
            <if test="attention != null">
                ,attention
            </if>
            <if test="remark != null">
                ,remark
            </if>
        </trim>

        <trim prefix="values(" suffix=")" >
        <if test="id != null">
            #{id}
        </if>
        <if test="code != null">
            ,#{code}
        </if>
        <if test="name != null">
            ,#{name}
        </if>
        <if test="sex != null">
            ,#{sex}
        </if>
        <if test="age != null">
            ,#{age}
        </if>
        <if test="attention != null">
            ,#{attention}
        </if>
        <if test="remark != null">
            ,#{remark}
        </if>
        </trim>
    </insert>

<!--    保存项目-->
    <insert id="save" parameterType="com.example.health.entity.CheckGroup" >

    insert  into t_checkgroup
        <trim prefix="(" suffix=")">
            <if test="id != null">
                id
            </if>
            <if test="code != null">
                ,code
            </if>
            <if test="name != null">
                ,name
            </if>
            <if test="sex != null">
                ,sex
            </if>
            <if test="helpCode != null">
                ,helpCode
            </if>
            <if test="attention != null">
                ,attention
            </if>
            <if test="remark != null">
                ,remark
            </if>
        </trim>

        <trim prefix="values(" suffix=")" >
            <if test="id != null">
                #{id}
            </if>
            <if test="code != null">
                ,#{code}
            </if>
            <if test="name != null">
                ,#{name}
            </if>
            <if test="sex != null">
                ,#{sex}
            </if>
            <if test="helpCode != null">
                ,#{helpCode}
            </if>
            <if test="attention != null">
                ,#{attention}
            </if>
            <if test="remark != null">
                ,#{remark}
            </if>
        </trim>
    </insert>

    <!--根据id查询-->
    <select id="findById" parameterType="INTEGER" resultType="com.example.health.entity.CheckGroup">
        select * from t_checkgroup where id = #{id}
    </select>

    <update id="edit" parameterType="com.example.health.entity.CheckGroup">
        update t_checkgroup
        <set>
            <if test="name != null">
                name = #{name},
            </if>
            <if test="sex != null">
                sex = #{sex},
            </if>
            <if test="code != null">
                code = #{code},
            </if>
            <if test="helpCode != null">
                helpCode = #{helpCode},
            </if>
            <if test="attention != null">
                attention = #{attention},
            </if>
            <if test="remark != null">
                remark = #{remark},
            </if>
            <if test="id != 0">
                id = #{id}
            </if>
        </set>
        where id = #{id}
    </update>

    <delete id="deleteAssociation" parameterType="int">
        delete from t_checkgroup_checkitem where checkgroup_id = #{checkgroup_id}
    </delete>

    <select id="findAll" resultType="com.example.health.entity.CheckGroup">
        select * from t_checkgroup
    </select>

    <delete id="delete">
        delete from t_checkgroup where id = #{id};
    </delete>
</mapper>