<?xml version="1.0" encoding="UTF-8"?>
<!DOCTYPE mapper PUBLIC "-//mybatis.org//DTD Mapper 3.0//EN" "http://mybatis.org/dtd/mybatis-3-mapper.dtd">
<mapper namespace="com.example.health.mapper.CheckItemMapper">
    <resultMap id="baseResultMap" type="com.example.health.entity.CheckItem">
        <id column="id" property="id"/>
        <result column="name" property="name"/>
        <result column="code" property="code"/>
        <result column="age" property="age"/>
        <result column="sex" property="sex"/>
        <result column="remark" property="remark"/>
        <result column="attention" property="attention"/>
        <result column="price" property="price"/>
        <result column="type" property="type"/>
    </resultMap>

<!--    保存item-->
    <insert id="add" parameterType="com.example.health.entity.CheckItem">
        insert into t_checkitem
        <trim prefix="(" suffix=")">
            <if test="id != null">
                id
            </if>
            <if test="code != null">
                ,code
            </if>
            <if test="name != null">
                ,name
            </if>
            <if test="sex != null">
                ,sex
            </if>
            <if test="age != null">
                ,age
            </if>
            <if test="price != null">
                ,price
            </if>
            <if test="type != null">
                ,type
            </if>
            <if test="attention != null">
                ,attention
            </if>
            <if test="remark != null">
                ,remark
            </if>
        </trim>
        <trim prefix="values(" suffix=")" >
            <if test="id != null">
                #{id}
            </if>
            <if test="code != null">
                ,#{code}
            </if>
            <if test="name != null">
                ,#{name}
            </if>
            <if test="sex != null">
                ,#{sex}
            </if>
            <if test="age != null">
                ,#{age}
            </if>
            <if test="price != null">
                ,#{price}
            </if>
            <if test="type != null">
                ,#{type}
            </if>
            <if test="attention != null">
                ,#{attention}
            </if>
            <if test="remark != null">
                ,#{remark}
            </if>
        </trim>

    </insert>
<!--    查询所有-->
    <select id="findAll" resultType="com.example.health.entity.CheckItem">
        select * from t_checkitem
    </select>

<!--    编辑item-->
    <update id="edit" parameterType="com.example.health.entity.CheckItem">
        update t_checkitem
        <set>
            <if test="name != null">
                name = #{name},
            </if>
            <if test="sex != null">
                sex = #{sex},
            </if>
            <if test="code != null">
                code = #{code},
            </if>
            <if test="age != null">
                age = #{age},
            </if>
            <if test="price != null">
                price = #{price},
            </if>
            <if test="type != null">
                type = #{type},
            </if>
            <if test="attention != null">
                attention = #{attention},
            </if>
            <if test="remark != null">
                remark = #{remark},
            </if>
        </set>
        where id = #{id}
    </update>

<!--    删除item-->
    <delete id="deleteById" parameterType="int">
        delete from t_checkitem where id = #{id}
    </delete>

<!--    根据id查询-->
    <select id="findById" parameterType="int" resultType="com.example.health.entity.CheckItem">
        select * from t_checkitem where id = #{id}
    </select>
<!--    查询与group_id绑定的item-->
    <select id="selectByGroupId" resultType="com.example.health.entity.CheckItem" >
        select t_checkitem.id,code,name,sex,age,price,type,attention,remark from t_checkitem,t_checkgroup_checkitem
            where t_checkgroup_checkitem.checkgroup_id = #{id}
                and t_checkgroup_checkitem.checkitem_id = t_checkitem.id
    </select>
<!--    绑定group 和item-->
    <insert id="insertGroupById">
        insert into t_checkgroup_checkitem values (
                                                   #{checkgroup_id},#{checkitem_id}
                                                  )
    </insert>
    <!--    解除绑定group 和item-->
    <delete id="deleteGroupById">
        delete from t_checkgroup_checkitem where checkgroup_id = #{checkgroup_id} and checkitem_id = #{checkitem_id}
    </delete>
</mapper>