<?xml version="1.0" encoding="UTF-8"?>
<!DOCTYPE mapper PUBLIC "-//mybatis.org//DTD Mapper 3.0//EN" "http://mybatis.org/dtd/mybatis-3-mapper.dtd">
<!--SQL语句-->
<mapper namespace="com.example.health.mapper.DairyMapper">

    <resultMap id="BaseResultMap" type="com.example.health.entity.Dairy">

        <result column="serialNum" jdbcType="INTEGER" property="serialNum"/>
        <result column="returnDate" jdbcType="VARCHAR" property="returnDate"/>
        <result column="byinterVention" jdbcType="VARCHAR" property="byinterVention"/>
        <result column="reviewStaff" jdbcType="VARCHAR" property="reviewStaff"/>
        <result column="waY" jdbcType="VARCHAR" property="waY"/>
        <result column="reviewContent" jdbcType="VARCHAR" property="reviewContent"/>
        <result column="backInfo" jdbcType="VARCHAR" property="backInfo"/>
        <result column="processRe" jdbcType="VARCHAR" property="processRe"/>

    </resultMap>
<!--    增加日记信息-->
    <insert id="save" parameterType="com.example.health.entity.Dairy">
        insert into dairy
        <trim prefix="(" suffix=")" suffixOverrides=",">
            <if test="serialNum != null">serialNum,</if>
            <if test="returnDate != null">returnDate,</if>
            <if test="byinterVention != null">byinterVention,</if>
            <if test="reviewStaff != null">reviewStaff,</if>
            <if test="waY != null">waY,</if>
            <if test="reviewContent != null">reviewContent,</if>
            <if test="backInfo != null">backInfo,</if>
            <if test="processRe != null">processRe,</if>
        </trim>
        <trim prefix="values(" suffix=")" suffixOverrides=",">
            <if test="serialNum != null">#{serialNum,jdbcType=INTEGER},</if>
            <if test="returnDate != null">#{returnDate,jdbcType=VARCHAR},</if>
            <if test="byinterVention != null">#{byinterVention,jdbcType=VARCHAR},</if>
            <if test="reviewStaff != null">#{reviewStaff,jdbcType=VARCHAR},</if>
            <if test="waY != null">#{waY,jdbcType=VARCHAR},</if>
            <if test="reviewContent != null">#{reviewContent,jdbcType=VARCHAR},</if>
            <if test="backInfo != null">#{backInfo,jdbcType=VARCHAR},</if>
            <if test="processRe != null">#{processRe,jdbcType=VARCHAR},</if>
        </trim>
    </insert>
<!--   根据serialNum 修改日记信息-->
    <update id="update" parameterType="com.example.health.entity.Dairy">
        update dairy
        <set>
            <if test="returnDate != null">returnDate=#{returnDate,jdbcType=VARCHAR},</if>
            <if test="byinterVention != null">byinterVention=#{byinterVention,jdbcType=VARCHAR},</if>
            <if test="reviewStaff != null">reviewStaff=#{reviewStaff,jdbcType=VARCHAR},</if>
            <if test="waY != null">waY=#{waY,jdbcType=VARCHAR},</if>
            <if test="reviewContent != null">reviewContent=#{reviewContent,jdbcType=VARCHAR},</if>
            <if test="backInfo != null">backInfo=#{backInfo,jdbcType=VARCHAR},</if>
            <if test="processRe != null">processRe=#{processRe,jdbcType=VARCHAR},</if>
        </set>
        where serialNum=#{serialNum,jdbcType=INTEGER}
    </update>
<!--  根据serialNum 删除信息-->
    <delete id="delete" parameterType="com.example.health.entity.Dairy">
        delete from dairy where serialNum = #{serialNum,jdbcType=INTEGER}
    </delete>
<!--    查询所有信息-->
    <select id="selectAll" parameterType="com.example.health.entity.Dairy" resultType="com.example.health.entity.Dairy">
        select * from dairy
    </select>
<!--    根据serialNum查询单条数据-->
    <select id="getDairyInfo" parameterType="com.example.health.entity.Dairy" resultType="com.example.health.entity.Dairy">
        select * from dairy where serialNum = #{serialNum,jdbcType=INTEGER};
    </select>
</mapper>