<?xml version="1.0" encoding="UTF-8" ?>
<!DOCTYPE mapper PUBLIC "-//mybatis.org//DTD Mapper 3.0//EN" "http://mybatis.org/dtd/mybatis-3-mapper.dtd">
<mapper namespace="com.example.health.mapper.DiseaseMapper">
    <insert id="add" parameterType="com.example.health.entity.Disease">
        insert into t_disease
        <trim prefix="(" suffix=")" suffixOverrides="," >
            <if test="id != null" >
                id,
            </if>
            <if test="diseaseName != null" >
                diseaseName,
            </if>
            <if test="clinic != null" >
                clinic,
            </if>
            <if test="medicalTreatmentPeriod != null" >
                medicalTreatmentPeriod,
            </if>
            <if test="warningLevel != null" >
                warningLevel,
            </if>
        </trim>
        <trim prefix="values (" suffix=")" suffixOverrides="," >
            <if test="id != null" >
                #{id,jdbcType=INTEGER},
            </if>
            <if test="diseaseName != null" >
                #{diseaseName,jdbcType=VARCHAR},
            </if>
            <if test="clinic != null" >
                #{clinic,jdbcType=VARCHAR},
            </if>
            <if test="medicalTreatmentPeriod != null" >
                #{medicalTreatmentPeriod,jdbcType=VARCHAR},
            </if>
            <if test="warningLevel != null" >
                #{warningLevel,jdbcType=VARCHAR},
            </if>
        </trim>
    </insert>

    <select id="selectAll" resultType="com.example.health.entity.Disease">
        select * from t_disease
    </select>

    <select id="selectById" resultType="com.example.health.entity.Disease">
        select * from t_disease where id=#{id}
    </select>

    <delete id="delete" parameterType="com.example.health.entity.Disease">
        delete from t_disease where id=#{id}
    </delete>

    <update id="update" parameterType="com.example.health.entity.Disease">
        update t_disease
        <set>
            <if test="diseaseName != null" >
                diseaseName=#{diseaseName,jdbcType=VARCHAR},
            </if>
            <if test="clinic != null" >
                clinic=#{clinic,jdbcType=VARCHAR},
            </if>
            <if test="medicalTreatmentPeriod != null" >
                medicalTreatmentPeriod=#{medicalTreatmentPeriod,jdbcType=INTEGER},
            </if>
            <if test="warningLevel != null" >
                warningLevel=#{warningLevel,jdbcType=INTEGER},
            </if>
        </set>
            where id= #{id,jdbcType=INTEGER}
    </update>

</mapper>