<?xml version="1.0" encoding="utf-8" ?>
<!DOCTYPE mapper PUBLIC "-//mybatis.org//DTD Mapper 3.0//EN" "http://mybatis.org/dtd/mybatis-3-mapper.dtd">
<mapper namespace="com.example.health.mapper.FoodMapper">
    <resultMap id="BaseResultMap" type="com.example.health.entity.Food">
        <result column="id" jdbcType="INTEGER" property="id"></result>
        <result column="foodname" jdbcType="VARCHAR" property="foodname"></result>
        <result column="kind" jdbcType="VARCHAR" property="kind"></result>
        <result column="size" jdbcType="VARCHAR" property="size"></result>
        <result column="age" jdbcType="VARCHAR" property="age"></result>
    </resultMap>

    <insert id="save" parameterType="com.example.health.entity.Food">
        insert into t_food
        <trim prefix="(" suffix=")" suffixOverrides=",">
            <if test="id != null">id,</if>
            <if test="foodname != null">foodname,</if>
            <if test="kind != null">kind,</if>
            <if test="size != null">size,</if>
            <if test="age != null">age,</if>
        </trim>
        <trim prefix=" values(" suffix=")" suffixOverrides=",">
            <if test="id != null">#{id,jdbcType=INTEGER},</if>
            <if test="foodname != null">#{foodname,jdbcType=VARCHAR},</if>
            <if test="kind != null">#{kind,jdbcType=VARCHAR},</if>
            <if test="size != null">#{size,jdbcType=VARCHAR},</if>
            <if test="age != null">#{age,jdbcType=VARCHAR},</if>
        </trim>
    </insert>

    <update id="update" parameterType="com.example.health.entity.Food">
        update t_food
        <set>
            <if test="foodname != null">foodname=#{foodname,jdbcType=VARCHAR},</if>
            <if test="kind != null">kind=#{kind,jdbcType=VARCHAR},</if>
            <if test="size != null">size=#{size,jdbcType=VARCHAR},</if>
            <if test="age != null">age=#{age,jdbcType=VARCHAR},</if>
        </set>
        where id = #{id,jdbcType=INTEGER}
    </update>

    <delete id="deleteById" parameterType="com.example.health.entity.Food">
        delete from t_food where id = #{id,jdbcType=INTEGER}
    </delete>

    <select id="selectAll" parameterType="com.example.health.entity.Food" resultType="com.example.health.entity.Food">
        select * from t_food
    </select>

    <select id="getInfo" parameterType="com.example.health.entity.Food" resultType="com.example.health.entity.Food">
        select * from t_food where id=#{id,jdbcType=INTEGER}
    </select>

</mapper>