<?xml version="1.0" encoding="UTF-8" ?>
<!DOCTYPE mapper PUBLIC "-//mybatis.org//DTD Mapper 3.0//EN" "http://mybatis.org/dtd/mybatis-3-mapper.dtd">
<mapper namespace="com.example.health.mapper.IndicatorMapper">
    <insert id="add" parameterType="com.example.health.entity.Indicator">
        insert into t_indicator
        <trim prefix="(" suffix=")" suffixOverrides="," >
            <if test="id != null" >
                id,
            </if>
            <if test="name != null" >
                name,
            </if>
            <if test="normalReferenceValue != null" >
                normalReferenceValue,
            </if>
            <if test="unit != null" >
                unit,
            </if>
            <if test="genderSpecific != null" >
                genderSpecific,
            </if>
        </trim>
        <trim prefix="values (" suffix=")" suffixOverrides="," >
            <if test="id != null" >
                #{id,jdbcType=INTEGER},
            </if>
            <if test="name != null" >
                #{name,jdbcType=VARCHAR},
            </if>
            <if test="normalReferenceValue != null" >
                #{normalReferenceValue,jdbcType=VARCHAR},
            </if>
            <if test="unit != null" >
                #{unit,jdbcType=VARCHAR},
            </if>
            <if test="genderSpecific != null" >
                #{genderSpecific,jdbcType=INTEGER},
            </if>
        </trim>
    </insert>

    <select id="selectAll" resultType="com.example.health.entity.Indicator">
        select * from t_indicator
    </select>

    <select id="selectById" resultType="com.example.health.entity.Indicator">
        select * from t_indicator where id=#{id}
    </select>

    <delete id="delete" parameterType="com.example.health.entity.Indicator">
        delete from t_indicator where id=#{id}
    </delete>

    <update id="update" parameterType="com.example.health.entity.Indicator">
        update t_indicator
        <set>
            <if test="name != null" >
                name=#{name,jdbcType=VARCHAR},
            </if>
            <if test="normalReferenceValue != null" >
                normalReferenceValue=#{normalReferenceValue,jdbcType=VARCHAR},
            </if>
            <if test="unit != null" >
                unit=#{unit,jdbcType=VARCHAR},
            </if>
            <if test="genderSpecific != null" >
                genderSpecific=#{genderSpecific,jdbcType=INTEGER},
            </if>
        </set>
        where id= #{id,jdbcType=INTEGER}
    </update>

</mapper>