<?xml version="1.0" encoding="UTF-8" ?>
<!DOCTYPE mapper PUBLIC "-//mybatis.org//DTD Mapper 3.0//EN" "http://mybatis.org/dtd/mybatis-3-mapper.dtd">
<mapper namespace="com.example.health.mapper.MemberMapper">

    <select id="findAll" resultType="com.example.health.entity.Member">
        select * from t_member
    </select>

<!--    &lt;!&ndash;根据条件查询&ndash;&gt;-->
<!--    <select id="selectByCondition" parameterType="string" resultType="com.example.health.entity.Member">-->
<!--        select * from t_member-->
<!--        <if test="value != null and value.length > 0">-->
<!--            where fileNumber = #{value} or phoneNumber = #{value} or name = #{value}-->
<!--        </if>-->
<!--    </select>-->

    <!--新增会员-->
    <insert id="add" parameterType="com.example.health.entity.Member">
        <selectKey resultType="java.lang.Integer" order="AFTER" keyProperty="id">
            SELECT LAST_INSERT_ID()
        </selectKey>
        insert into t_member(fileNumber,name,sex,idCard,phoneNumber,regTime,password,email,birthday,remark)
        values
        (#{fileNumber},#{name},#{sex},#{idCard},#{phoneNumber},#{regTime},#{password},#{email},#{birthday},#{remark})
    </insert>

    <!--删除会员-->
    <delete id="deleteMember" parameterType="int">
        delete from t_member where id = #{id}
    </delete>

    <!--根据id查询会员-->
    <select id="findMemberById" parameterType="int" resultType="com.example.health.entity.Member">
        select * from t_member where id = #{Id}
    </select>

    <!--根据电话号码查询会员-->
    <select id="findByTelephone" parameterType="string" resultType="com.example.health.entity.Member">
        select * from t_member where phoneNumber = #{phoneNumber}
    </select>

    <!--编辑会员-->
    <update id="editMember" parameterType="com.example.health.entity.Member">
        update t_member
        <set>
            <if test="fileNumber != null">
                fileNumber = #{fileNumber},
            </if>
            <if test="name != null">
                name = #{name},
            </if>
            <if test="sex != null">
                sex = #{sex},
            </if>
            <if test="idCard != null">
                idCard = #{idCard},
            </if>
            <if test="phoneNumber != null">
                phoneNumber = #{phoneNumber},
            </if>
            <if test="regTime != null">
                regTime = #{regTime},
            </if>
            <if test="password != null">
                password = #{password},
            </if>
            <if test="email != null">
                email = #{email},
            </if>
            <if test="birthday != null">
                birthday = #{birthday},
            </if>
            <if test="remark != null">
                remark = #{remark},
            </if>
        </set>
        where id = #{id}
    </update>

    <!--根据日期统计会员数，统计指定日期之前的会员数-->
    <select id="findMemberCountBeforeDate" parameterType="string" resultType="int">
        select count(id) from t_member where regTime &lt;= #{value}
    </select>

    <!--根据日期统计会员数-->
    <select id="findMemberCountByDate" parameterType="string" resultType="int">
        select count(id) from t_member where regTime = #{value}
    </select>

    <!--根据日期统计会员数，统计指定日期之后的会员数-->
    <select id="findMemberCountAfterDate" parameterType="string" resultType="int">
        select count(id) from t_member where regTime &gt;= #{value}
    </select>

    <!--总会员数-->
    <select id="findMemberTotalCount" resultType="int">
        select count(id) from t_member
    </select>

    <!--根据邮箱和密码查询用户-->
    <select id="findByEmailAndPwd" resultType="com.example.health.entity.Member">
        select * from t_member where email=#{email} and password=#{password}
    </select>


    <select id="findHealthManager" resultType="string">
        select a.username from t_user a join t_user_role b on a.id=b.user_id where b.role_id=(select id from t_role where name= '健康管理师' );
    </select>
    <!--后台添加会员信息-->
    <insert id="addMember" parameterType="com.example.health.entity.Member">
        <selectKey resultType="java.lang.Integer" order="AFTER" keyProperty="id">
            SELECT LAST_INSERT_ID()
        </selectKey>
        insert into t_member
        (fileNumber,name,sex,idCard,phoneNumber,birthday,remark,healthManeger)
        values
        (#{fileNumber},#{name},#{sex},#{idCard},#{phoneNumber},#{birthday},#{remark},#{healthManeger})
    </insert>



    <select id="findAllMessageById" resultType="map">

        SELECT
            t_checkgroup.`name` AS checkgroups,
            t_checkitem.`name` AS checkitems,
            t_setmeal.`name` AS setmeal,
            t_address.`detailaddress` AS address
        FROM
            t_checkgroup
                INNER JOIN t_checkgroup_checkitem ON t_checkgroup_checkitem.checkgroup_id = t_checkgroup.id
                INNER JOIN t_checkitem ON t_checkgroup_checkitem.checkitem_id = t_checkitem.id
                INNER JOIN t_setmeal_checkgroup ON t_setmeal_checkgroup.checkgroup_id = t_checkgroup.id
                INNER JOIN t_setmeal ON t_setmeal_checkgroup.setmeal_id = t_setmeal.id
                INNER JOIN t_order ON t_order.setmeal_id = t_setmeal.id
                INNER JOIN t_member ON t_order.member_id = t_member.id
                INNER JOIN t_address ON t_order.address_id = t_address.id
        WHERE
            t_member.id = #{id}

    </select>

    <update id="updateByOrder" parameterType="map">
        update t_member set name=#{name} where phoneNumber=#{phoneNumber}
    </update>


    <!--################## 干预控制 查询会员信息##########################-->
    <!--干预控制  根据id查询会员
    <select id="findMemberById" parameterType="int" resultType="com.example.health.entity.Member">
        select fileName,name from t_member where id = #{id}
    </select>-->

    <update id="update" >
        UPDATE  t_member set healthManeger = #{healthName} where id  in  (SELECT t_order.member_id FROM t_order where id = #{id})
    </update>


</mapper>