<?xml version="1.0" encoding="UTF-8" ?>
<!DOCTYPE mapper PUBLIC "-//mybatis.org//DTD Mapper 3.0//EN" "http://mybatis.org/dtd/mybatis-3-mapper.dtd">
<mapper namespace="com.example.health.mapper.MenuMapper">

    <!--不分页查询所有的菜单-->
    <select id="findMenus" resultType="com.example.health.entity.Menu">
        select * from t_menu
    </select>

    <!--通过角色id查询与他关联的所有菜单-->
    <select id="findByRole" parameterType="int" resultType="com.example.health.entity.Menu">
        select * from t_menu where id in
                                   (select menu_id from t_role_menu where role_id = #{id})
    </select>

    <!--通过菜单名称或者请求路径查找菜单-->
    <select id="findByNameAndLkurl" resultType="com.example.health.entity.Menu">
        select * from t_menu where name=#{name}
        <if test="linkUrl != null and linkUrl.length > 0">
            or linkUrl=#{linkUrl}
        </if>
    </select>

    <!--添加菜单-->
    <insert id="add" parameterType="com.example.health.entity.Menu">
        insert into t_menu
        values
            (#{id},#{name},#{linkUrl},#{path},#{priority},#{icon}
            ,#{description},#{parentMenuId},#{level})
    </insert>

    <!--通过id查找菜单-->
    <select id="findById" parameterType="int" resultType="com.example.health.entity.Menu">
        select * from t_menu where id =#{id}
    </select>

    <!--编辑菜单-->
    <update id="edit" parameterType="com.example.health.entity.Menu">
        update t_menu set
                          name = #{name},linkUrl = #{linkUrl},path = #{path}, priority = #{priority},icon = #{icon},
                          description = #{description},parentMenuId = #{parentMenuId},level = #{level}
        where id = #{id}
    </update>

    <!--通过id查询关联的菜单-->
    <select id="findByParentId" parameterType="int" resultType="com.example.health.entity.Menu">
        select * from t_menu where parentMenuId = #{id}
    </select>

    <!--通过菜单id删除菜单-->
    <delete id="delete" parameterType="int">
        delete from t_menu where id = #{id}
    </delete>

    <!--通过菜单id删除与角色之间的关系-->
    <delete id="deleteConnection4RoleBymid" parameterType="int">
        delete from t_role_menu where menu_id = #{id}
    </delete>

    <!--通过角色id查询所有的关联一级菜单-->
    <select id="findAllFistMenusById" parameterType="int" resultType="com.example.health.entity.Menu">
        select * from t_menu  where id in
                                    (select rm.menu_id from t_role_menu as rm where rm.role_id in
                                                                                    (select ur.role_id from t_user_role as ur where ur.user_id = #{id} ))
                                and parentMenuId is null
        order by priority asc
    </select>

    <!--通过父菜单id查询children菜单-->
    <select id="findSecondMenusByMenuId" parameterType="int" resultType="com.example.health.entity.Menu">
        select * from t_menu  where id in
                                    (select rm.menu_id from t_role_menu as rm where rm.role_id in
                                                                                    (select ur.role_id from t_user_role as ur where ur.user_id = #{id} ))
                                and parentMenuId is not null and parentMenuId = #{menuId}
        order by priority asc
    </select>

</mapper>