<?xml version="1.0" encoding="UTF-8"?>
<!DOCTYPE mapper PUBLIC "-//mybatis.org//DTD Mapper 3.0//EN" "http://mybatis.org/dtd/mybatis-3-mapper.dtd">
<mapper namespace="com.example.health.mapper.OrderSettingMapper">
<!-- 查询每日预约设置-->
    <select id="dayOrderSetting" resultType="com.example.health.entity.OrderSetting">
        select * from t_ordersetting
    </select>
<!--根据时间修改预约总数-->
    <update id="edit">
        update t_ordersetting set number = #{number} where orderDate = #{orderDate}
    </update>
<!--    添加预约设置-->
    <insert id="save">
        insert into t_ordersetting
        <trim prefix="(" suffix=")">
            <if test="id != null">
                id
            </if>
            <if test="orderDate != null">
                ,orderDate
            </if>
            <if test="number != null">
                ,number
            </if>
        </trim>
        <trim prefix="values(" suffix=")">
            <if test="id != null">
                #{id}
            </if>
            <if test="orderDate != null">
                ,#{orderDate}
            </if>
            <if test="number != null">
                ,#{number}
            </if>
        </trim>

    </insert>
<!--    删除预约设置-->
    <delete id="delete">
        delete from t_ordersetting where id = #{id}
    </delete>
<!--    id-->
    <select id="findByid" resultType="com.example.health.entity.OrderSetting">
        select * from t_ordersetting where id = #{id};
    </select>
</mapper>