<?xml version="1.0" encoding="UTF-8"?>
<!DOCTYPE mapper PUBLIC "-//mybatis.org//DTD Mapper 3.0//EN" "http://mybatis.org/dtd/mybatis-3-mapper.dtd">

<!--<mapper namespace="com.example.demo.mapper.OrderMapper" xmlns="http://mybatis.org/schema/mybatis-mapper">-->

<mapper namespace="com.example.health.mapper.OrderMapper">
    <resultMap id="BaseResultMap" type="com.example.health.entity.Order">
        <result column="id" jdbcType="INTEGER" property="id"></result>
        <result column="member_id" jdbcType="INTEGER"  property="member_id"></result>
        <result column="orderDate" jdbcType="DATE" property="orderDate"></result>
        <result column="orderType" jdbcType="VARCHAR" property="orderType"></result>
        <result column="orderStatus" jdbcType="VARCHAR" property="orderStatus"></result>
        <result column="setmeal_id" jdbcType="INTEGER" property="setmeal_id"></result>
        <result column="food" jdbcType="VARCHAR" property="food"></result>
        <result column="sport" jdbcType="VARCHAR" property="sport"></result>
        <result column="healthName" jdbcType="VARCHAR" property="healthName"></result>
        <result column="suggestion" jdbcType="VARCHAR" property="suggestion"></result>
        <result column="address_id" jdbcType="INTEGER" property="address_id"></result>
    </resultMap>
    <!--新增用户 -->
    <insert id="save" parameterType="com.example.health.entity.Order">
        insert into t_order
        <trim prefix="(" suffix=")">
            <if test="id != 0">
                id
            </if>
            <if test="orderDate != null">
                ,orderDate
            </if>
            <if test="healthName != null">
               ,healthName
            </if>
            <if test="member_id != 0">
                ,member_id
            </if>

            <if test="orderType != null">
                ,orderType
            </if>
            <if test="orderStatus != null">
                ,orderStatus
            </if>
            <if test="setmeal_id != 0">
                ,setmeal_id
            </if>
            <if test="food != null">
                ,food
            </if>
            <if test="sport != null">
                ,sport
            </if>
            <if test="suggestion != null">
                ,suggestion
            </if>
            <if test="address_id != 0">
                ,address_id
            </if>
        </trim>

        <trim prefix="values(" suffix=")" >
            <if test="id != 0">
                id=#{id}
            </if>
            <if test="orderDate != null">
                ,orderDate=#{orderDate}
            </if>
            <if test="healthName != null">
                ,healthName=#{healthName}
            </if>
            <if test="member_id != 0">
                ,member_id=#{member_id}
            </if>

            <if test="orderType != null">
                ,orderType=#{orderType}
            </if>
            <if test="orderStatus != null">
                ,orderStatus=#{orderStatus}
            </if>
            <if test="setmeal_id != 0">
                ,setmeal_id=#{setmeal_id}
            </if>
            <if test="food != null">
                ,food=#{food}
            </if>
            <if test="sport != null">
                ,sport=#{sport}
            </if>
            <if test="suggestion != null">
                ,suggestion=#{suggestion}
            </if>
            <if test="address_id != 0">
                ,address_id=#{address_id}
            </if>
        </trim>
    </insert>

    <!--修改预约 -->
    <update id="update" parameterType="com.example.health.entity.Order">
        update t_order
        <set>
            <if test="id != null">
                id=#{id}
            </if>
            <if test="member_id != 0">
                ,member_id=#{member_id}
            </if>
            <if test="orderDate != null">
                ,orderDate=#{orderDate}
            </if>
            <if test="orderType != null">
                ,orderType=#{orderType}
            </if>
            <if test="orderStatus != null">
                ,orderStatus=#{orderStatus}
            </if>
            <if test="setmeal_id != 0">
                ,setmeal_id=#{setmeal_id}
            </if>
            <if test="food != null">
                ,food=#{food}
            </if>
            <if test="sport != null">
                ,sport=#{sport}
            </if>
            <if test="healthName != null">
                ,healthName=#{healthName}
            </if>
            <if test="suggestion != null">
                ,suggestion=#{suggestion}
            </if>
            <if test="address_id != 0">
                ,address_id=#{address_id}
            </if>
        </set>
        where id = #{id,jdbcType=INTEGER};
    </update>
    <!--删除预约-->
    <delete id="delete" parameterType="com.example.health.entity.Order" >
        delete from t_order where id = #{id};
    </delete>
    <!--查询所有预约-->

    <select id="selectAll" resultType="com.example.health.entity.Order">
        select * from t_order;
    </select>

    <!--    查询数量-->
<!--    <select id="count" parameterType="com.example.demo.entity.Order" resultType="INTEGER">
        select count(id) from t_order;
    </select>-->
<!--    提交报告-->
    <update id="submit" parameterType="com.example.health.entity.Order">
        update t_order
        <set>
          suggestion = #{suggestion}
        </set>
        where id = #{id};
    </update>
<!--    编号-->
    <select id="max" resultType="INTEGER">
        select max(id) from t_order;
    </select>
<!--每日预约-->
    <select id="dayOrder" parameterType="Date" resultType="com.example.health.entity.Order">
        select * from t_order where orderDate = #{orderDate};
    </select>

    <!--    查询id-->
    <select id="findByID"  resultType="com.example.health.entity.Order">
    select * from t_order where id = #{id};
    </select>
</mapper>