<?xml version="1.0" encoding="UTF-8" ?>
<!DOCTYPE mapper PUBLIC "-//mybatis.org//DTD Mapper 3.0//EN" "http://mybatis.org/dtd/mybatis-3-mapper.dtd">
<mapper namespace="com.example.health.mapper.PeopleClassMapper">
    <insert id="add" parameterType="com.example.health.entity.PeopleClass">
        insert into t_PeopleClass
        <trim prefix="(" suffix=")" suffixOverrides="," >
            <if test="id != null" >
                id,
            </if>
            <if test="name != null" >
                name,
            </if>
            <if test="memberId != null" >
                memberId,
            </if>
        </trim>
        <trim prefix="values (" suffix=")" suffixOverrides="," >
            <if test="id != null" >
                #{id,jdbcType=INTEGER},
            </if>
            <if test="name != null" >
                #{name,jdbcType=VARCHAR},
            </if>
            <if test="memberId != null" >
                #{memberId,jdbcType=VARCHAR},
            </if>
        </trim>
    </insert>

    <select id="selectAll" resultType="com.example.health.entity.PeopleClass">
        select * from t_peopleclass
    </select>

    <select id="selectById" resultType="com.example.health.entity.PeopleClass">
        select * from t_peopleclass where id=#{id}
    </select>

    <delete id="delete" parameterType="com.example.health.entity.PeopleClass">
        delete from t_peopleclass where id=#{id}
    </delete>

    <update id="update" parameterType="com.example.health.entity.PeopleClass">
        update t_peopleclass
        <set>
            <if test="name != null" >
                name=#{name,jdbcType=VARCHAR},
            </if>
            <if test="memberId != null" >
                memberId=#{memberId,jdbcType=VARCHAR},
            </if>
        </set>
        where id= #{id,jdbcType=INTEGER}
    </update>

</mapper>