<?xml version="1.0" encoding="UTF-8" ?>
<!DOCTYPE mapper PUBLIC "-//mybatis.org//DTD Mapper 3.0//EN" "http://mybatis.org/dtd/mybatis-3-mapper.dtd">
<mapper namespace="com.example.health.mapper.PermissionMapper">

    <!--通过角色id查找所有权限-->
    <select id="findByRoleId" parameterType="int" resultType="com.example.health.entity.Permission">
        select p.* from t_permission p , t_role_permission rp
        where
            p.id = rp.permission_id and rp.role_id = #{rid}
    </select>


    <!--通过权限名或者关键字查找权限-->
    <select id="findByPmName2KeyWord" resultType="com.example.health.entity.Permission">
        select * from t_permission where name =#{name} or keyword=#{keyword}
    </select>

    <!--添加权限-->
    <insert id="add" parameterType="com.example.health.entity.Permission">
        insert into t_permission
        values
            (#{id},#{name},#{keyword},#{description},#{cretime},#{station})
    </insert>

    <!--通过权限id修改已有的权限-->
    <update id="edit" parameterType="com.example.health.entity.Permission">
        update t_permission
        <set>
            <if test="name != null">
                name = #{name},
            </if>
            <if test="keyword != null">
                keyword = #{keyword},
            </if>
            <if test="description != null">
                description = #{description},
            </if>
            <if test="station != null">
                station = #{station},
            </if>
        </set>
        where id = #{id}
    </update>

    <!--通过权限id查找角色-->
    <select id="findRolesByPmId" parameterType="int" resultType="com.example.health.entity.Role">
        select r.* from t_role r where
                r.id in (select role_id from t_role_permission where permission_id = #{id})
    </select>

    <!--通过权限id删除中间关联表-->
    <delete id="deleteConnection4roleByPmId" parameterType="int">
        delete from t_role_permission where permission_id = #{id}
    </delete>
    <!--通过权限id删除权限-->
    <delete id="deleteByPmId" parameterType="int">
        delete from t_permission where id = #{id}
    </delete>

    <!--查询所有的权限-->
    <select id="findAllPermission" resultType="com.example.health.entity.Permission">
        select * from t_permission
    </select>
    <!--通过id查找权限-->
    <select id="findById" resultType="com.example.health.entity.Permission">
    select * from t_permission where id = #{id}
    </select>


</mapper>