<?xml version="1.0" encoding="UTF-8"?>
<!DOCTYPE mapper PUBLIC "-//mybatis.org//DTD Mapper 3.0//EN" "http://mybatis.org/dtd/mybatis-3-mapper.dtd">
<mapper namespace="com.example.health.mapper.PsychologicalMapper">
<!--    增添-->
    <insert id="insert">
        insert into psychological
        <trim prefix="(" suffix=")">
            <if test="id != null">
                id
            </if>
            <if test="code != null">
                ,code
            </if>
            <if test="name != null">
                ,name
            </if>
            <if test="date != null">
                ,date
            </if>
            <if test="somatization != null">
                ,somatization
            </if>
            <if test="Obsessive != null">
                ,Obsessive
            </if>
            <if test="i_sensitivity != null">
                ,i_sensitivity
            </if>
            <if test="hesitate != null">
                ,hesitate
            </if>
            <if test="anxiety != null">
                ,anxiety
            </if>
            <if test="hositile != null">
                ,hositile
            </if>
            <if test="terrorist != null">
                ,terrorist
            </if>
            <if test="paranoid != null">
                ,paranoid
            </if>
            <if test="Mental != null">
                ,Mental
            </if>
            </trim>
            <trim prefix="values(" suffix=")">
                <if test="id != null">
                    #{id}
                </if>
                <if test="code != null">
                    ,#{code}
                </if>
                <if test="name != null">
                    ,#{name}
                </if>
                <if test="date != null">
                    ,#{date}
                </if>
                <if test="somatization != null">
                    ,#{somatization}
                </if>
                <if test="Obsessive != null">
                    ,#{Obsessive}
                </if>
                <if test="i_sensitivity != null">
                    ,#{i_sensitivity}
                </if>
                <if test="hesitate != null">
                    ,#{hesitate}
                </if>
                <if test="anxiety != null">
                    ,#{anxiety}
                </if>
                <if test="hositile != null">
                    ,#{hositile}
                </if>
                <if test="terrorist != null">
                    ,#{terrorist}
                </if>
                <if test="paranoid != null">
                    ,#{paranoid}
                </if>
                <if test="Mental != null">
                    ,#{Mental}
                </if>
            </trim>
    </insert>
<!--    update-->
    <update id="edit">
        update psychological
<set>
    <if test="id != null">
        id=#{id}
    </if>
    <if test="code != null">
        ,code=#{code}
    </if>
    <if test="name != null">
        ,name=#{name}
    </if>
    <if test="date != null">
        ,date=#{date}
    </if>
    <if test="somatization != null">
        ,somatization=#{somatization}
    </if>
    <if test="Obsessive != null">
        ,Obsessive=#{Obsessive}
    </if>
    <if test="i_sensitivity != null">
        ,i_sensitivity = #{i_sensitivity}
    </if>
    <if test="hesitate != null">
        ,hesitate=#{hesitate}
    </if>
    <if test="anxiety != null">
        ,anxiety=#{anxiety}
    </if>
    <if test="hositile != null">
        ,hositile=#{hositile}
    </if>
    <if test="terrorist != null">
        ,terrorist=#{terrorist}
    </if>
    <if test="paranoid != null">
        ,paranoid=#{paranoid}
    </if>
    <if test="Mental != null">
        ,Mental=#{Mental}
    </if>
    where id = #{id}
</set>
    </update>

<!--    delete-->
    <delete id="delete">
        delete from psychological where id = #{id}
    </delete>

<!--    findByid-->
    <select id="findByid" resultType="com.example.health.entity.Psychological">
        select * from psychological where id = #{id}
    </select>
<!--    selectAll-->
    <select id="selectAll" resultType="com.example.health.entity.Psychological">
        select * from psychological
    </select>
</mapper>