<?xml version="1.0" encoding="utf-8" ?>
<!DOCTYPE mapper PUBLIC "-//mybatis.org//DTD Mapper 3.0//EN" "http://mybatis.org/dtd/mybatis-3-mapper.dtd">
<mapper namespace="com.example.health.mapper.RoleMapper">

    <!--根据用户ID查询关联的角色-->
    <select id="findByUserId" parameterType="int" resultType="com.example.health.entity.Role">
        select r.*
        from t_role r,t_user_role ur
        where r.id = ur.role_id and ur.user_id = #{user_id}
    </select>

    <!--查询所有的角色-->
    <select id="findAllRoles" resultType="com.example.health.entity.Role">
        select * from t_role
    </select>

    <select id="findByName2Kd" parameterType="string" resultType="com.example.health.entity.Role">
        select * from t_role
        where name =#{name} or keyword=#{keyword}
    </select>

    <insert id="add" parameterType="com.example.health.entity.Role">
        <selectKey resultType="java.lang.Integer" order="AFTER" keyProperty="id">
            select LAST_INSERT_ID()
        </selectKey>
        insert into t_role(id,name,keyword,description)
        values
        (#{id},#{name},#{keyword},#{description})
    </insert>

    <!--给角色添加权限-->
    <insert id="addPermissionAndRole">
        insert into t_role_permission values (#{roleId},#{permissionId})
    </insert>

    <!--通过角色id查询所有与他有关的权限id-->
    <select id="findPermissionIdByrid" parameterType="java.lang.Integer" resultType="java.lang.Integer">
        select permission_id from t_role_permission where role_id = #{rId}
    </select>

    <!--通过角色id查询所有与他有关的菜单id-->
    <select id="findMenuIdByrid" parameterType="java.lang.Integer" resultType="java.lang.Integer">
        select menu_id from t_role_menu where role_id = #{rId}
    </select>

    <!--通过角色id修改已有的角色-->
    <update id="update" parameterType="com.example.health.entity.Role">
        update t_role
        <set>
            <if test="name != null">
                name = #{name},
            </if>
            <if test="keyword != null">
                keyword = #{keyword},
            </if>
            <if test="description != null">
                description = #{description},
            </if>
        </set>
        where id = #{id}
    </update>
    <!--通过觉色id删除关联的权限id-->
    <delete id="deleteConnection4PermissionByrid" parameterType="int">
        delete from t_role_permission where role_id = #{roleId}
    </delete>
    <!--通过角色id删除关联的菜单id-->
    <delete id="deleteConnection4MenuByrid" parameterType="int">
        delete from t_role_menu where role_id = #{roleId}
    </delete>
    <!--通过角色id查找角色-->
    <select id="findById" parameterType="int" resultType="com.example.health.entity.Role">
        select * from t_role where id=#{id}
    </select>
    <!--通过角色id删除关联的用户-->
    <delete id="deleteConnection4UserByrid" parameterType="int">
        delete from t_user_role where role_id = #{roleId}
    </delete>

    <!--通过角色id删除角色-->
    <delete id="deleterole" parameterType="int">
        delete from t_role where id = #{roleId}
    </delete>

    <!--通过菜单id查询所有的角色-->
    <select id="findRoleBymid" parameterType="int" resultType="com.example.health.entity.Role">
        select * from t_role where id in (select role_id from t_role_menu where menu_id = #{id})
    </select>

    <select id="findMenuByRoleId" parameterType="int" resultType="com.example.health.entity.Menu">
        select * from t_menu where id in (select menu_id from t_role_menu where role_id = #{roleId})
    </select>
</mapper>