<?xml version="1.0" encoding="UTF-8"?>
<!DOCTYPE mapper PUBLIC "-//mybatis.org//DTD Mapper 3.0//EN" "http://mybatis.org/dtd/mybatis-3-mapper.dtd">
<mapper namespace="com.example.health.mapper.SchemeMapper">

<!--    查询所有信息-->
    <select id="selectAll" resultType="com.example.health.entity.Scheme">
        select * from t_scheme
    </select>

<!--    删除根据id-->
    <delete id="delete">
        delete from t_scheme where id = #{id}
    </delete>
<!--    编辑根据id-->
    <update id="edit">
        update t_scheme
        <set>
            <if test="id != 0">
                id = #{id}
            </if>
            <if test="title != null">
                ,title = #{title}
            </if>
            <if test="keyword != null">
                ,keyword = #{keyword}
            </if>
            <if test="people != null">
                ,people = #{people}
            </if>
            <if test="goal != null">
                ,goal = #{goal}
            </if>
            <if test="statue != null">
                ,statue = #{statue}
            </if>
            <if test="remarks != null">
                ,remarks = #{remarks}
            </if>
        </set>
            where id = #{id}
    </update>
<!--    新增-->
    <insert id="add">
        insert into t_scheme
        <trim prefix="(" suffix=")">
            <if test="id != null">
                id
            </if>
            <if test="title != null">
                ,title
            </if>
            <if test="keyword != null">
                ,keyword
            </if>
            <if test="people != null">
                ,people
            </if>
            <if test="goal != null">
                ,goal
            </if>
            <if test="statue != null">
                ,statue
            </if>
            <if test="remarks != null">
                ,remarks
            </if>
        </trim>

        <trim prefix="values(" suffix=")" >
            <if test="id != null">
                #{id}
            </if>
            <if test="title != null">
                ,#{title}
            </if>
            <if test="keyword != null">
                ,#{keyword}
            </if>
            <if test="people != null">
                ,#{people}
            </if>
            <if test="goal != null">
                ,#{goal}
            </if>
            <if test="statue != null">
                ,#{statue}
            </if>
            <if test="remarks != null">
                ,#{remarks}
            </if>
        </trim>

    </insert>
<!--    id-->
    <select id="findByid" resultType="com.example.health.entity.Scheme">
        select  * from t_scheme where id= #{id};
    </select>
</mapper>