<?xml version="1.0" encoding="UTF-8"?>
<!DOCTYPE mapper PUBLIC "-//mybatis.org//DTD Mapper 3.0//EN" "http://mybatis.org/dtd/mybatis-3-mapper.dtd">
<mapper namespace="com.example.health.mapper.SetmealMapper">
    <resultMap id="BaseResultMap" type="com.example.health.entity.Setmeal">
        <result column="id" jdbcType="INTEGER" property="id"></result>
        <result column="name" jdbcType="VARCHAR"  property="name"></result>
        <result column="code" jdbcType="VARCHAR" property="code"></result>
        <result column="helpCode" jdbcType="VARCHAR" property="helpCode"></result>
        <result column="sex" jdbcType="VARCHAR" property="sex"></result>
        <result column="age" jdbcType="VARCHAR" property="age"></result>
        <result column="price" jdbcType="FLOAT" property="price"></result>
        <result column="remark" jdbcType="VARCHAR" property="remark"></result>
        <result column="attention" jdbcType="VARCHAR" property="attention"></result>
        <result column="suggestion" jdbcType="VARCHAR" property="suggestion"></result>
        <result column="address_id" jdbcType="INTEGER" property="address_id"></result>
        <result column="img" property="img"/>
    </resultMap>
<!--    查询所有-->

    <select id="findAll" resultType="com.example.health.entity.Setmeal">
        select * from t_setmeal
    </select>

<!--查询id对应组-->
    <select id="findById4Detail" parameterType="int" resultType="com.example.health.entity.Setmeal">
        select * from t_setmeal where id = #{id}
    </select>
<!--    增加套餐-->
    <insert id="add" parameterType="com.example.health.entity.Setmeal">

        insert into t_setmeal
        <trim prefix="(" suffix=")">
            <if test="id != null">
                id
            </if>
            <if test="code != null">
                ,code
            </if>
            <if test="name != null">
                ,name
            </if>
            <if test="sex != null">
                ,sex
            </if>
            <if test="age != null">
                ,age
            </if>
            <if test="price != null">
                ,price
            </if>

            <if test="attention != null">
                ,attention
            </if>
            <if test="remark != null">
                ,remark
            </if>
        </trim>

        <trim prefix="values(" suffix=")" >
            <if test="id != null">
                #{id}
            </if>
            <if test="code != null">
                ,#{code}
            </if>
            <if test="name != null">
                ,#{name}
            </if>
            <if test="sex != null">
                ,#{sex}
            </if>
            <if test="age != null">
                ,#{age}
            </if>
            <if test="price != null">
                ,#{price}
            </if>
            <if test="attention != null">
                ,#{attention}
            </if>
            <if test="remark != null">
                ,#{remark}
            </if>
        </trim>
    </insert>
<!--    修改套餐-->
    <update id="edit" parameterType="com.example.health.entity.Setmeal">
        update t_setmeal
        <set>
            <if test="id != 0">
                id = #{id}
            </if>
            <if test="name != null">
                ,name = #{name}
            </if>
            <if test="code != null">
                ,code = #{code}
            </if>
            <if test="helpCode != null">
                ,helpCode = #{helpCode}
            </if>
            <if test="sex != null">
                ,sex = #{sex}
            </if>
            <if test="age != null">
                ,age = #{age}
            </if>
            <if test="price != 0">
                ,price = #{price}
            </if>
            <if test="remark != null">
                ,remark = #{remark}
            </if>
            <if test="attention != null">
                ,attention = #{attention}
            </if>
        </set>
            where id = #{id}
    </update>
<!--    删除套餐-->
    <delete id="delete">
        delete from t_setmeal where id=#{id}
    </delete>
</mapper>