<?xml version="1.0" encoding="utf-8" ?>
<!DOCTYPE mapper PUBLIC "-//mybatis.org//DTD Mapper 3.0//EN" "http://mybatis.org/dtd/mybatis-3-mapper.dtd">
<mapper namespace="com.example.health.mapper.T_schemeMapper">
    <resultMap id="BaseResultMap" type="com.example.health.entity.T_scheme">
        <result column="id" jdbcType="INTEGER" property="id"></result>
        <result column="title" jdbcType="VARCHAR" property="title"></result>
        <result column="keyword" jdbcType="VARCHAR" property="keyword"></result>
        <result column="people" jdbcType="VARCHAR" property="people"></result>
        <result column="goal" jdbcType="VARCHAR" property="goal"></result>
        <result column="statue" jdbcType="INTEGER" property="statue"></result>
        <result column="remarks" jdbcType="VARCHAR" property="remarks"></result>
    </resultMap>

    <insert id="save" parameterType="com.example.health.entity.T_scheme">
        insert into t_scheme
        <trim prefix="(" suffix=")" suffixOverrides=",">
            <if test="id != null">id,</if>
            <if test="title != null">title,</if>
            <if test="keyword != null">keyword,</if>
            <if test="people != null">people,</if>
            <if test="goal != null">goal,</if>
            <if test="statue != null">statue,</if>
            <if test="remarks != null">remarks,</if>
        </trim>
        <trim prefix=" values(" suffix=")" suffixOverrides=",">
            <if test="id != null">#{id,jdbcType=INTEGER},</if>
            <if test="title != null">#{title,jdbcType=VARCHAR},</if>
            <if test="keyword != null">#{keyword,jdbcType=VARCHAR},</if>
            <if test="people != null">#{people,jdbcType=VARCHAR},</if>
            <if test="goal != null">#{goal,jdbcType=VARCHAR},</if>
            <if test="statue != null">#{statue,jdbcType=INTEGER},</if>
            <if test="remarks != null">#{remarks,jdbcType=VARCHAR},</if>
        </trim>
    </insert>

    <update id="update" parameterType="com.example.health.entity.T_scheme">
        update t_scheme
        <set>
            <if test="title != null">title=#{title,jdbcType=VARCHAR},</if>
            <if test="keyword != null">keyword=#{keyword,jdbcType=VARCHAR},</if>
            <if test="people != null">people=#{people,jdbcType=VARCHAR},</if>
            <if test="goal != null">goal=#{goal,jdbcType=VARCHAR},</if>
            <if test="statue != null">statue=#{statue,jdbcType=INTEGER},</if>
            <if test="remarks != null">remarks=#{remarks,jdbcType=VARCHAR},</if>
        </set>
        where id = #{id,jdbcType=INTEGER}
    </update>

    <delete id="deleteById" parameterType="com.example.health.entity.T_scheme">
        delete from t_scheme where id = #{id,jdbcType=INTEGER}
    </delete>

    <select id="selectAll" parameterType="com.example.health.entity.T_scheme" resultType="com.example.health.entity.T_scheme">
        select * from t_scheme
    </select>

    <select id="getInfo" parameterType="com.example.health.entity.T_scheme" resultType="com.example.health.entity.T_scheme">
        select * from t_scheme where
        <trim prefix=" " suffix=" " suffixOverrides="and">
            <if test="id != null">id=#{id,jdbcType=INTEGER} and</if>
            <if test="goal != null">goal=#{goal,jdbcType=VARCHAR}</if>
        </trim>
    </select>

</mapper>