<?xml version="1.0" encoding="utf-8" ?>
<!DOCTYPE mapper PUBLIC "-//mybatis.org//DTD Mapper 3.0//EN" "http://mybatis.org/dtd/mybatis-3-mapper.dtd">
<mapper namespace="com.example.health.mapper.t_sportMapper">
    <resultMap id="BaseResultMap" type="com.example.health.entity.t_sport">
        <result column="id" jdbcType="INTEGER" property="id"></result>
        <result column="helpCode" jdbcType="VARCHAR" property="helpCode"></result>
        <result column="sportname" jdbcType="VARCHAR" property="sportname"></result>
        <result column="number" jdbcType="VARCHAR" property="number"></result>
        <result column="sporttime" jdbcType="VARCHAR" property="sporttime"></result>
    </resultMap>

    <insert id="save" parameterType="com.example.health.entity.t_sport">
        insert into t_sport
        <trim prefix="(" suffix=")" suffixOverrides=",">
            <if test="id != null">id,</if>
            <if test="helpCode != null">helpCode,</if>
            <if test="sportname != null">sportname,</if>
            <if test="number != null">number,</if>
            <if test="sporttime != null">sporttime,</if>
        </trim>
        <trim prefix=" values(" suffix=")" suffixOverrides=",">
            <if test="id != null">#{id,jdbcType=INTEGER},</if>
            <if test="helpCode != null">#{helpCode,jdbcType=VARCHAR},</if>
            <if test="sportname != null">#{sportname,jdbcType=VARCHAR},</if>
            <if test="number != null">#{number,jdbcType=VARCHAR},</if>
            <if test="sporttime != null">#{sporttime,jdbcType=VARCHAR},</if>
        </trim>
    </insert>

    <update id="update" parameterType="com.example.health.entity.t_sport">
        update t_sport
        <set>
            <if test="helpCode != null">helpCode=#{helpCode,jdbcType=VARCHAR},</if>
            <if test="sportname != null">sportname=#{sportname,jdbcType=VARCHAR},</if>
            <if test="number != null">number=#{number,jdbcType=VARCHAR},</if>
            <if test="sporttime != null">sporttime=#{sporttime,jdbcType=VARCHAR},</if>
        </set>
        where id = #{id,jdbcType=INTEGER}
    </update>

    <delete id="deleteById" parameterType="com.example.health.entity.t_sport">
        delete from t_sport where id = #{id,jdbcType=INTEGER}
    </delete>

    <select id="selectAll" parameterType="com.example.health.entity.t_sport" resultType="com.example.health.entity.t_sport">
        select * from t_sport
    </select>

    <select id="getInfo" parameterType="com.example.health.entity.t_sport" resultType="com.example.health.entity.t_sport">
        select * from t_sport where id=#{id,jdbcType=INTEGER}
    </select>

</mapper>