<?xml version="1.0" encoding="utf-8" ?>
<!DOCTYPE mapper PUBLIC "-//mybatis.org//DTD Mapper 3.0//EN" "http://mybatis.org/dtd/mybatis-3-mapper.dtd">
<mapper namespace="com.example.health.mapper.UserMapper">
    <resultMap id="BaseResultMap" type="com.example.health.entity.User">
        <result column="id" jdbcType="INTEGER" property="id"></result>
        <result column="userName" jdbcType="VARCHAR" property="userName"></result>
        <result column="password" jdbcType="VARCHAR" property="password"></result>
        <result column="realName" jdbcType="VARCHAR" property="realName"></result>
    </resultMap>

    <insert id="save" parameterType="com.example.health.entity.User">
        insert into user
        <trim prefix="(" suffix=")" suffixOverrides=",">
            <if test="id != null">id,</if>
            <if test="userName != null">userName,</if>
            <if test="password != null">password,</if>
            <if test="realName != null">realName,</if>
        </trim>
        <trim prefix=" values(" suffix=")" suffixOverrides=",">
            <if test="id != null">#{id,jdbcType=INTEGER},</if>
            <if test="userName != null">#{userName,jdbcType=VARCHAR},</if>
            <if test="password != null">#{password,jdbcType=VARCHAR},</if>
            <if test="realName != null">#{realName,jdbcType=VARCHAR},</if>
        </trim>
    </insert>

    <update id="update" parameterType="com.example.health.entity.User">
        update user
        <set>
            <if test="userName != null">userName=#{userName,jdbcType=VARCHAR},</if>
            <if test="password != null">password=#{password,jdbcType=VARCHAR},</if>
            <if test="realName != null">realName=#{realName,jdbcType=VARCHAR},</if>
        </set>
        where id = #{id,jdbcType=INTEGER}
    </update>

    <delete id="deleteById" parameterType="com.example.health.entity.User">
        delete from user where id = #{id,jdbcType=INTEGER}
    </delete>

    <select id="selectAll" parameterType="com.example.health.entity.User" resultType="com.example.health.entity.User">
        select * from user
    </select>

    <select id="getUserInfo" parameterType="com.example.health.entity.User" resultType="com.example.health.entity.User">
        select * from user where id=#{id,jdbcType=INTEGER}
    </select>

    <select id="login" parameterType="com.example.health.entity.User" resultType="com.example.health.entity.User">
        select * from user where userName=#{userName,jdbcType=VARCHAR} and password=#{password,jdbcType=VARCHAR};
    </select>

    <select id="select" parameterType="com.example.health.entity.User" resultType="com.example.health.entity.User">
        select * from user where userName=#{userName,jdbcType=VARCHAR};
    </select>
</mapper>